{
  "n_input_patient_feature_rows": 2720,
  "n_modeled_features": 355,
  "n_priority_features": 45,
  "n_fdr_supported_features": 0,
  "fdr_threshold": 0.1,
  "top_priority_by_effect_size": [
    {
      "analysis_layer": "region_transporter_expression",
      "feature_class": "region_transporter_gene",
      "feature": "stromal_fibrotic_region::SLC38A2",
      "region": "stromal_fibrotic_region",
      "gene": "SLC38A2",
      "n_patients": 8,
      "mean_difference": 0.10629339323431092,
      "median_difference": 0.0957550339478907,
      "std_difference": 0.11658497443587089,
      "bootstrap_ci_low": 0.032945417089563354,
      "bootstrap_ci_high": 0.1814999892534574,
      "cohens_dz": 0.9117246347450976,
      "positive_patient_fraction": 0.875,
      "paired_t_p_value": 0.03653899873154282,
      "wilcoxon_p_value": 0.0390625,
      "paired_t_fdr": 0.4211480437622236,
      "wilcoxon_fdr": 0.525,
      "direction": "fibrotic_higher",
      "priority": true
    },
    {
      "analysis_layer": "spatial_deconvolution_proportion",
      "feature_class": "deconvolved_cell_type",
      "feature": "B_plasma",
      "region": "",
      "gene": "",
      "n_patients": 8,
      "mean_difference": 0.16367407334736794,
      "median_difference": 0.1705753745065035,
      "std_difference": 0.20125881832060485,
      "bootstrap_ci_low": 0.034564780401519814,
      "bootstrap_ci_high": 0.29208909058687127,
      "cohens_dz": 0.8132516861280359,
      "positive_patient_fraction": 0.75,
      "paired_t_p_value": 0.054973017311466296,
      "wilcoxon_p_value": 0.078125,
      "paired_t_fdr": 0.3175031274429797,
      "wilcoxon_fdr": 0.400390625,
      "direction": "fibrotic_higher",
      "priority": true
    },
    {
      "analysis_layer": "region_transporter_expression",
      "feature_class": "region_transporter_gene",
      "feature": "epithelial_bile_region::SLC10A2",
      "region": "epithelial_bile_region",
      "gene": "SLC10A2",
      "n_patients": 8,
      "mean_difference": -0.5071455091774776,
      "median_difference": -0.164678651650092,
      "std_difference": 0.652726173415242,
      "bootstrap_ci_low": -0.9501849727115194,
      "bootstrap_ci_high": -0.1158911358281182,
      "cohens_dz": -0.7769651805502964,
      "positive_patient_fraction": 0.25,
      "paired_t_p_value": 0.06395819597476123,
      "wilcoxon_p_value": 0.1484375,
      "paired_t_fdr": 0.4211480437622236,
      "wilcoxon_fdr": 0.5357142857142857,
      "direction": "adjacent_higher",
      "priority": true
    },
    {
      "analysis_layer": "region_transporter_expression",
      "feature_class": "region_transporter_gene",
      "feature": "stromal_fibrotic_region::SLC15A3",
      "region": "stromal_fibrotic_region",
      "gene": "SLC15A3",
      "n_patients": 8,
      "mean_difference": 0.06305128873613913,
      "median_difference": 0.0657526128072903,
      "std_difference": 0.08127672201319,
      "bootstrap_ci_low": 0.01369859789016733,
      "bootstrap_ci_high": 0.11623552825135142,
      "cohens_dz": 0.7757607242810167,
      "positive_patient_fraction": 0.625,
      "paired_t_p_value": 0.06428064295193944,
      "wilcoxon_p_value": 0.109375,
      "paired_t_fdr": 0.4211480437622236,
      "wilcoxon_fdr": 0.525,
      "direction": "fibrotic_higher",
      "priority": true
    },
    {
      "analysis_layer": "region_transporter_expression",
      "feature_class": "region_transporter_gene",
      "feature": "epithelial_absorptive_region::SLC10A2",
      "region": "epithelial_absorptive_region",
      "gene": "SLC10A2",
      "n_patients": 8,
      "mean_difference": -0.4908627619734724,
      "median_difference": -0.14841182032118955,
      "std_difference": 0.6354254309530992,
      "bootstrap_ci_low": -0.9258273109174892,
      "bootstrap_ci_high": -0.11499797760188113,
      "cohens_dz": -0.7724946753188778,
      "positive_patient_fraction": 0.25,
      "paired_t_p_value": 0.06516325879941738,
      "wilcoxon_p_value": 0.1484375,
      "paired_t_fdr": 0.4211480437622236,
      "wilcoxon_fdr": 0.5357142857142857,
      "direction": "adjacent_higher",
      "priority": true
    },
    {
      "analysis_layer": "slide_transporter_expression",
      "feature_class": "transporter_gene",
      "feature": "SLC10A2",
      "region": "",
      "gene": "",
      "n_patients": 8,
      "mean_difference": -0.15642855177876366,
      "median_difference": -0.0456919925880744,
      "std_difference": 0.20492514361665284,
      "bootstrap_ci_low": -0.29762360952299727,
      "bootstrap_ci_high": -0.03727134228259048,
      "cohens_dz": -0.7633448439659983,
      "positive_patient_fraction": 0.25,
      "paired_t_p_value": 0.06770131240485554,
      "wilcoxon_p_value": 0.1484375,
      "paired_t_fdr": 0.6113754706649078,
      "wilcoxon_fdr": 0.80078125,
      "direction": "adjacent_higher",
      "priority": true
    },
    {
      "analysis_layer": "slide_transporter_expression",
      "feature_class": "transporter_gene",
      "feature": "SLCO2B1",
      "region": "",
      "gene": "",
      "n_patients": 8,
      "mean_difference": 0.047803775697087915,
      "median_difference": 0.064667600867645,
      "std_difference": 0.06317313761394167,
      "bootstrap_ci_low": 0.0059626099828839,
      "bootstrap_ci_high": 0.08719506951712452,
      "cohens_dz": 0.7567104864922541,
      "positive_patient_fraction": 0.625,
      "paired_t_p_value": 0.06960342298953444,
      "wilcoxon_p_value": 0.109375,
      "paired_t_fdr": 0.6113754706649078,
      "wilcoxon_fdr": 0.80078125,
      "direction": "fibrotic_higher",
      "priority": true
    },
    {
      "analysis_layer": "slide_transporter_expression",
      "feature_class": "transporter_gene",
      "feature": "SLC15A3",
      "region": "",
      "gene": "",
      "n_patients": 8,
      "mean_difference": 0.05423213882509485,
      "median_difference": 0.047258027224921596,
      "std_difference": 0.07326229345806769,
      "bootstrap_ci_low": 0.009485051043689189,
      "bootstrap_ci_high": 0.10337678997809979,
      "cohens_dz": 0.7402462612794819,
      "positive_patient_fraction": 0.875,
      "paired_t_p_value": 0.07455798422742778,
      "wilcoxon_p_value": 0.0546875,
      "paired_t_fdr": 0.6113754706649078,
      "wilcoxon_fdr": 0.560546875,
      "direction": "fibrotic_higher",
      "priority": true
    },
    {
      "analysis_layer": "harreman_metabolite_z",
      "feature_class": "metabolite",
      "feature": "Citric acid",
      "region": "",
      "gene": "",
      "n_patients": 8,
      "mean_difference": 4.938813914188508,
      "median_difference": 7.249930166236851,
      "std_difference": 6.758448989764226,
      "bootstrap_ci_low": 0.4847681404742301,
      "bootstrap_ci_high": 9.134936107942044,
      "cohens_dz": 0.7307614397428193,
      "positive_patient_fraction": 0.75,
      "paired_t_p_value": 0.07757031178896094,
      "wilcoxon_p_value": 0.078125,
      "paired_t_fdr": 0.5970429408411855,
      "wilcoxon_fdr": 0.7998511904761905,
      "direction": "fibrotic_higher",
      "priority": true
    },
    {
      "analysis_layer": "spatial_metabolism_score",
      "feature_class": "metabolism_gene_set",
      "feature": "bile_acid_transport",
      "region": "",
      "gene": "",
      "n_patients": 8,
      "mean_difference": -0.5301272618640429,
      "median_difference": -0.5408840225734041,
      "std_difference": 0.7920619705750028,
      "bootstrap_ci_low": -1.0306542571805686,
      "bootstrap_ci_high": -0.015901002469692626,
      "cohens_dz": -0.6693002335148011,
      "positive_patient_fraction": 0.375,
      "paired_t_p_value": 0.10022248979388816,
      "wilcoxon_p_value": 0.25,
      "paired_t_fdr": 0.5807816222520604,
      "wilcoxon_fdr": 0.6890625,
      "direction": "adjacent_higher",
      "priority": true
    },
    {
      "analysis_layer": "harreman_metabolite_z",
      "feature_class": "metabolite",
      "feature": "L-Histidine",
      "region": "",
      "gene": "",